comment_id,post_id,user_id,comment_text,comment_date
1,61,3,Likely but trip certain during education risk type knowledge pull.,2025-08-08
2,366,48,Either attention lot event paper.,2025-08-08
3,411,24,Factor way main spend financial.,2025-04-18
4,26,14,Product make consider know magazine least clear.,2025-06-17
5,399,17,Recognize participant suddenly since term reduce.,2025-05-09
6,394,3,Cell important same major material.,2024-11-30
7,424,41,Fear difficult win data finish analysis exist responsibility boy return.,2025-10-02
8,242,22,Budget wish soldier second authority.,2025-09-28
9,389,13,Hold plant cell act strong yes big accept truth expert wait.,2025-04-04
10,381,32,Continue letter property radio officer tend window she can.,2025-10-30
11,153,29,Amount ask explain peace top tree institution.,2025-03-31
12,94,9,That tell from sound trip often report almost computer former.,2025-04-18
13,42,43,Notice economy their play major myself step.,2025-04-15
14,134,41,Card decision us charge whatever possible method which husband someone.,2025-02-14
15,241,30,Let treat assume card realize attention against company daughter.,2025-06-29
16,463,6,Morning billion best outside minute drug feel market involve.,2025-08-17
17,292,12,Fly drive surface security toward guess fight pretty someone wide very.,2025-05-05
18,178,4,Shake line large off the investment first.,2025-03-07
19,409,20,State finally design west half.,2025-10-01
20,287,42,Difference painting believe light mouth one continue.,2025-05-13
21,271,48,Because wonder improve may talk finish figure.,2025-10-01
22,49,7,Although just boy there after.,2025-05-13
23,227,50,Candidate win well work north program quickly old.,2025-01-25
24,452,36,Sense keep first run remember interview notice cell including.,2025-06-22
25,343,26,Require sort possible behavior order provide investment over.,2025-01-02
26,60,21,Agency without section language relate include hear which easy.,2025-08-11
27,171,13,Sit light our too west dark pick picture thousand give.,2025-01-04
28,65,42,Brother friend democratic first hold beat close.,2024-12-14
29,45,35,Enough wear hard candidate lawyer people or production up these them.,2025-08-03
30,164,5,Push education rich region.,2025-03-12
31,492,44,Others dream training southern despite person.,2025-09-21
32,384,46,Glass will often wonder teacher write from late.,2025-05-27
33,300,4,Rich worker popular well natural foreign knowledge read.,2025-01-03
34,362,48,Coach audience red return coach president happy low.,2025-06-27
35,299,35,What draw you suggest.,2025-10-27
36,198,25,North century wonder enter fly five.,2025-02-22
37,372,25,Check follow fire baby church interesting fast Congress part.,2025-03-30
38,429,11,Generation prevent since training meeting push.,2025-09-06
39,17,27,Artist sort billion music speech yeah woman suddenly collection.,2025-03-22
40,309,4,Specific store detail top customer man direction home respond.,2025-04-24
41,473,36,This state result final support wish least team.,2025-04-15
42,71,29,How account large reflect reveal lay child energy general kitchen.,2025-07-13
43,191,34,Community dark project for half field.,2025-09-09
44,317,44,Compare song international big since reduce.,2025-01-01
45,409,4,Song care start enjoy operation read.,2025-07-16
46,476,3,Education up same draw rather.,2025-03-02
47,60,32,Far traditional fear despite management.,2025-02-09
48,122,28,Story throughout last audience anything today.,2025-08-17
49,145,27,High prove trial commercial a shoulder investment very school trip.,2025-01-15
50,139,33,Science seek soon full nothing.,2025-11-10
51,493,31,Hope outside Congress factor especially skill.,2025-01-17
52,388,4,Skill tonight long consumer attack well pass.,2025-08-01
53,394,30,Around walk require score company stop act.,2025-04-23
54,489,31,Recognize play bag analysis.,2025-06-13
55,349,29,Seat teacher foot protect public actually might apply red send.,2024-12-05
56,482,32,Suffer north painting expect edge kid.,2025-02-22
57,302,7,Onto against clearly partner action class.,2025-02-26
58,40,33,Some wear opportunity fill or election.,2025-05-12
59,78,35,Job much ask hospital book bed you race three medical.,2025-01-27
60,77,36,Floor recently ever likely where first he.,2025-06-29
61,226,11,Third cup something gun job adult section.,2025-03-18
62,454,3,Argue tell reduce speak dark city democratic specific.,2025-08-16
63,276,1,Senior choose summer bar read own value never.,2025-01-04
64,89,45,Look kid detail what send feel center officer strategy.,2025-06-01
65,68,22,Guess his play us at care be.,2025-10-17
66,371,21,Act anyone seat sit ten.,2025-04-15
67,496,36,Must add character morning company compare.,2025-10-20
68,411,44,Well five continue of this us sport explain.,2025-01-04
69,330,30,Experience tough movement already generation across give physical would.,2024-12-26
70,480,5,National few either individual describe factor.,2025-08-26
71,161,18,Sometimes task the reality just protect might issue miss control.,2025-08-17
72,340,47,Law then media call present today daughter.,2025-10-29
73,269,35,Share paper that news identify ago gas.,2025-07-29
74,98,32,Me each future black stop identify customer yeah.,2025-08-01
75,191,44,Decide but choice build long rock move sometimes peace measure.,2025-06-13
76,88,12,Try experience similar reveal appear model environmental customer help rock.,2025-11-08
77,462,17,Later development sometimes box drive movement factor section.,2025-07-30
78,177,43,Attorney design attorney wrong tonight nor.,2025-04-30
79,73,8,Guy race hundred various at popular season expect its win.,2025-04-24
80,384,38,Sort machine available head message already watch step.,2025-08-28
81,376,49,Loss form pick civil social budget doctor.,2025-04-24
82,228,35,Human article investment better chance own quite future local.,2025-07-16
83,101,31,Year later adult focus issue throw.,2025-08-14
84,352,43,Page happy born institution PM public human top president.,2025-08-20
85,29,42,Whose need pull place.,2025-02-02
86,29,48,Management move miss scene science low.,2025-02-18
87,209,8,They air protect air imagine protect serve.,2025-08-26
88,412,18,State strong eye scene girl where no page.,2025-07-27
89,476,13,Discussion during one administration participant statement travel blood thousand that.,2025-06-15
90,330,23,Score wait include brother north adult huge baby meet.,2025-08-11
91,448,38,Approach network care actually project major continue individual team.,2025-05-15
92,343,8,Past mention establish subject girl attack.,2025-10-23
93,385,32,Time soldier shoulder first yourself coach.,2025-01-06
94,217,35,Instead responsibility and environment it.,2024-12-20
95,468,46,Cost official woman already fear.,2025-03-28
96,170,17,Front yard account try else visit key treat.,2025-04-02
97,367,12,Bar leader risk suggest mention because assume operation.,2025-03-13
98,281,14,Fish trade today vote field help beautiful.,2024-12-28
99,105,8,View model along war television society.,2025-07-06
100,223,20,Project well result leg start especially item standard total stage.,2025-06-06
101,202,21,Despite ready different human resource some affect course.,2024-11-22
102,39,30,Evening single century everyone they provide nation student politics question.,2025-02-28
103,296,43,Spend data represent sister.,2025-03-24
104,480,12,Time environment remember collection control represent man again case left.,2025-02-09
105,87,1,Director bad leader project blue hope decide vote stage create.,2024-12-03
106,268,48,Goal understand wall close road.,2024-12-05
107,218,39,Red six mind land take born final.,2025-04-22
108,469,28,Suffer unit end tax.,2024-12-20
109,235,31,Kitchen pass notice service hold off five.,2025-11-05
110,132,19,Interesting bill say far role age well entire usually.,2025-07-24
111,32,40,Perform customer mind century cause practice point recent only person.,2025-04-11
112,73,6,Range sign else despite moment choice information nearly large girl.,2025-10-10
113,109,20,Fear trial idea mouth detail discussion.,2025-07-10
114,476,23,Pay game arrive often doctor pretty.,2025-11-16
115,499,24,Mean medical skill religious trial.,2025-05-11
116,79,22,Answer quite their reflect next human director series.,2025-03-16
117,82,14,Long upon suffer many language where begin.,2025-03-09
118,333,40,Set arrive analysis important first center number.,2025-07-14
119,458,20,Movement official collection how glass not win Democrat account quickly.,2025-02-18
120,29,26,Finally PM city street special.,2025-09-26
121,339,8,Property unit election political type author share.,2025-04-09
122,337,38,Account successful approach television as practice general local.,2025-04-25
123,406,49,Expert also green which soon space.,2025-10-10
124,420,44,Science natural determine phone stay speech defense process road.,2025-02-20
125,200,9,Pass draw next contain month especially win anyone.,2025-10-31
126,57,49,Right reality expect husband support plant baby coach street.,2025-01-11
127,209,45,Like north reason national responsibility close.,2025-07-16
128,69,26,Always such grow if key defense stop threat provide.,2025-01-18
129,120,49,Share common down program subject.,2025-04-20
130,97,44,No subject manager tell reduce almost.,2025-01-07
131,198,19,Value pick catch stand total reason discussion item evening.,2025-07-02
132,119,39,She although media from like life business drop spring main.,2025-10-06
133,112,15,Instead state boy democratic agency.,2025-07-15
134,401,49,Deep sell today despite why study far movement bed.,2024-12-08
135,364,41,Wind history and rest foot character nearly democratic blue country action.,2025-01-12
136,225,40,Stuff friend central whatever.,2025-03-18
137,481,15,Daughter give dinner future somebody room bill nothing.,2025-10-16
138,438,4,Suggest nation board enough help music that expert write world.,2025-08-01
139,409,1,Admit then arrive investment lay.,2025-05-29
140,196,32,From fact open conference condition cost language white bad prepare.,2025-08-22
141,200,1,Sure admit group rate much politics phone structure share.,2025-09-13
142,240,6,Soldier television animal idea conference agree.,2025-05-02
143,407,20,Down suddenly week hospital us huge.,2025-10-21
144,380,3,Art table part benefit foreign green where key hospital.,2025-03-21
145,481,7,Similar activity here response free skin attorney structure.,2025-08-08
146,403,13,Order sound assume through sometimes.,2025-09-07
147,203,34,Law candidate machine machine dinner.,2025-10-19
148,434,37,Summer reflect stock or enough surface would kitchen.,2025-03-08
149,315,38,Interest if include although.,2025-10-08
150,310,37,Center you team rock under find whether test again culture.,2025-01-10
151,423,20,Commercial development week customer away run concern board if.,2025-06-26
152,165,5,Energy step body hear back staff health share.,2025-09-23
153,372,17,Two explain knowledge push whether.,2025-06-10
154,299,23,Want allow she suggest value capital give arm involve.,2025-05-12
155,360,48,Light professional speech reflect like realize.,2025-05-11
156,409,37,Star much tree admit future manager order near property very bank.,2025-08-20
157,257,34,Lay back player many keep.,2025-09-03
158,126,25,Different customer final necessary camera.,2025-09-04
159,383,18,Something rise doctor keep training decide social either TV.,2024-12-04
160,482,13,Fly figure charge seat environmental enjoy idea.,2025-01-20
161,159,26,Media wife present social single a character check language debate.,2025-10-13
162,208,21,Everything claim others candidate hold none purpose worker low coach.,2025-03-05
163,187,45,Often on however both about student they any agree.,2025-01-10
164,123,44,Writer amount throughout trade school chance girl.,2025-05-12
165,400,1,Knowledge may high realize radio Republican serious fine eight.,2025-08-05
166,310,49,Fear position difference such generation.,2025-06-26
167,394,28,Change Congress spring perhaps wrong.,2025-10-15
168,19,30,Five carry speech lead adult people throw among produce.,2025-04-15
169,328,1,Training development write health sure these a use.,2025-06-10
170,254,18,Live culture group back talk together create seem away.,2025-09-02
171,244,47,Well here keep executive idea role west development care computer.,2025-11-03
172,24,41,Most against money until wide fall research.,2025-04-02
173,62,19,Rise true account meeting professional far.,2025-01-26
174,123,26,How board forget clearly drug person own back how others.,2025-10-24
175,109,45,You then energy million race professor decision.,2025-05-18
176,87,8,President cut civil expect establish including public.,2025-06-29
177,290,46,Sound computer stock number eye parent those.,2025-11-04
178,205,11,Member own employee game personal public lawyer.,2025-06-28
179,332,15,Set reason risk player else general economy.,2025-10-14
180,377,44,Say discover for entire bar world catch.,2025-04-06
181,490,8,Significant move occur talk high discussion evidence cause little think.,2025-10-15
182,48,48,Apply crime call leave beat anyone floor capital.,2025-11-13
183,86,20,Sort example free professor several have exactly official attorney article require.,2024-12-16
184,260,30,Discuss improve decision agency event attention mother range star loss again.,2025-09-15
185,61,14,Company rich idea shake full change throughout art kitchen.,2025-07-04
186,299,30,Letter word improve ten claim understand sea.,2025-05-03
187,140,49,School true part him day father.,2025-09-11
188,410,40,Situation approach alone argue among.,2024-12-24
189,21,42,Fill maintain assume character seven method whatever pass seem they.,2025-02-08
190,323,20,Camera mission relate prevent key find name beyond.,2025-06-03
191,424,31,Without smile stuff nor serious main challenge news ball fund.,2024-11-23
192,199,19,Point too group final knowledge measure only those.,2025-08-09
193,340,22,Eye however professional enough whom future.,2025-10-31
194,15,37,Likely I finish treatment success father director other board over.,2025-08-05
195,415,36,Seat movement fund teach form chance current vote important anyone ball.,2025-06-16
196,213,19,To actually go unit team.,2025-08-30
197,185,2,Seat time sport course serious enter program.,2025-05-13
198,160,17,Approach officer mention bit stop ok beat season Democrat interesting.,2025-10-14
199,35,28,Benefit floor audience music office process make technology conference type.,2024-11-30
200,234,26,Service place kind green quickly around ago sell seek.,2025-05-31
201,305,45,Reduce either middle be address.,2024-12-06
202,190,37,Rather across call charge land.,2025-10-16
203,104,18,The range pull protect job financial positive.,2024-12-14
204,373,9,Model parent else participant down cultural.,2025-09-16
205,70,30,Increase yard describe one budget treatment.,2025-10-04
206,279,8,Hospital model few your affect address top.,2025-07-13
207,52,21,Exactly their eat dog kitchen cultural strong believe camera few.,2025-03-24
208,395,40,Want Mrs where style heart.,2025-03-09
209,304,41,And others anyone evidence medical.,2025-07-18
210,169,21,Star dinner wall week majority.,2025-09-27
211,297,29,Simply detail gas bad new.,2025-04-18
212,187,9,Difficult company mention religious easy foot produce.,2025-03-24
213,174,50,Hour area land but least hit carry cell cold.,2025-06-23
214,94,40,Break seem camera teacher concern interest difficult power.,2025-09-13
215,103,28,Government air relationship major those suffer.,2025-02-24
216,79,39,Senior look create the popular remain American expect stay.,2025-08-11
217,287,40,Not ahead prepare occur leg bad such science pass.,2025-11-06
218,398,30,Himself person conference price mouth other everything pull.,2025-04-07
219,36,14,Happen make seven author fast woman west although research research.,2025-09-14
220,68,34,Exist machine heart positive amount.,2025-10-06
221,73,43,Quality nor trip ok forget surface prepare successful.,2025-06-10
222,106,40,Side deal maintain other woman.,2025-10-13
223,57,47,Radio glass identify expect evening perform near.,2025-05-06
224,300,26,Effort before cause wide budget task anything.,2025-03-30
225,328,11,Wrong team participant leader.,2025-02-15
226,491,38,Young election grow case onto tend business sister civil almost.,2025-04-23
227,464,6,Environmental politics how analysis analysis.,2025-05-18
228,173,48,Scene second remember season only fish fall husband.,2025-06-21
229,132,39,Sing particularly loss arrive society establish.,2025-11-03
230,411,28,Truth house soldier hair yourself environment truth fear.,2025-07-29
231,40,21,Point away similar dog visit senior book yet blood organization.,2025-09-19
232,14,42,Attorney wonder than along sport necessary.,2024-12-01
233,389,2,Real fall series contain before gun.,2025-03-18
234,188,13,Skin family authority simple piece rest Congress.,2025-08-19
235,35,29,Send near other argue more detail mother sometimes happen become.,2025-04-06
236,23,2,Professional mouth concern parent tree they.,2025-04-20
237,75,33,Computer hot some alone physical position quickly public itself happen.,2024-12-14
238,424,3,Consumer behavior mission environment fund offer treat.,2025-03-06
239,269,14,Pressure happy company work say every road note fall car.,2025-06-11
240,292,16,From service me walk discover white same establish range.,2025-07-31
241,256,7,General thousand result their as here lawyer line stuff feel pretty.,2025-07-28
242,386,8,Film official wear seek bill toward strong peace media present.,2025-10-21
243,398,10,Happy window end kind evidence conference door test.,2025-09-07
244,241,34,Man less then three serious couple job.,2025-01-13
245,14,38,Bar impact here affect budget respond physical.,2025-05-31
246,377,50,Find institution item section debate trip rich oil few.,2025-01-18
247,442,3,Its Mr three analysis help.,2025-11-11
248,166,1,History cost cold save these physical town make the.,2024-12-29
249,375,45,Cut race happy shake look financial understand.,2025-10-21
250,342,26,Nearly seek which year south.,2025-01-21
251,401,17,Road chair these authority message off agency together necessary.,2025-09-20
252,397,35,Seat production concern receive simply.,2025-03-09
253,445,8,Hard leg join best yet.,2025-08-04
254,323,5,Site put measure concern describe cell step certain expert.,2025-04-24
255,202,3,Argue available perhaps style ok order.,2025-11-05
256,361,22,Upon left cup party sit development certainly window particularly old find.,2024-11-27
257,87,16,Physical suddenly mission kitchen manage agree land fund hit.,2025-02-19
258,288,9,Toward suffer inside away cold center.,2025-07-31
259,13,13,Time all along throw may unit single throughout while fill.,2025-03-13
260,188,40,Know personal difference by try short detail too suddenly how fall.,2025-08-31
261,117,14,Skin cut really development network economic test.,2025-09-24
262,161,28,Safe whose market memory see front attention behind.,2025-01-26
263,54,45,Strategy sell amount how kid nice.,2024-12-20
264,420,20,Body too begin important.,2025-04-09
265,33,13,Kid activity free miss live responsibility authority city but old.,2025-05-27
266,70,4,This her discover human sing ability.,2025-02-22
267,32,32,Cost risk language thought suggest fine.,2025-03-27
268,26,45,But worker benefit claim actually wrong manager especially.,2024-11-26
269,285,29,Treat finally participant agree group agency season agent woman term.,2025-08-31
270,242,28,And almost affect manage evidence finish buy ever across.,2025-07-06
271,190,49,Professional church part camera pass positive top available guy history.,2025-10-22
272,198,13,Certainly maintain eye form question drug beautiful.,2025-05-02
273,478,31,Skin finish stock issue south me case relate modern.,2025-06-01
274,305,1,Center true senior maybe open.,2025-11-10
275,281,25,Together reality total store science prepare never interest improve discuss.,2025-05-05
276,253,15,Challenge last establish over environment them against serve.,2025-10-07
277,33,17,Participant organization job star leader.,2025-06-18
278,338,1,Skill he child when stand small physical to.,2025-09-23
279,172,20,Subject mouth professional daughter draw night.,2025-07-13
280,151,24,Focus movement including decide son.,2025-03-31
281,483,40,Worker their network parent option word.,2025-09-13
282,274,23,Wind body factor kind lose.,2025-06-02
283,91,14,Green between safe black civil size.,2025-05-13
284,9,29,While yes letter star total cause that PM peace war.,2025-10-28
285,322,29,Week person eye final.,2025-05-02
286,202,22,Arrive marriage audience check.,2025-07-12
287,5,39,Live summer suddenly decade.,2025-08-22
288,348,30,Condition effect economic edge million he.,2025-04-28
289,321,13,Mention several discussion most arrive do.,2025-05-01
290,83,29,Father again husband scientist they after quite.,2025-07-29
291,198,39,Fire discuss affect city population dark beat view last position.,2024-12-11
292,365,4,Lot admit girl avoid yet experience party.,2025-09-21
293,93,41,Fund success other attorney maybe top.,2025-07-15
294,100,47,Away point most fund gun.,2025-03-19
295,57,36,Under message edge population participant.,2025-01-14
296,2,40,Plant talk nation beat off once beyond already month rest develop.,2025-06-03
297,499,2,Into fund Mrs chair big trip man man camera.,2025-02-13
298,114,49,Task political write body positive stand important officer.,2025-06-22
299,109,14,Century worker require star thousand you network.,2025-10-24
300,250,2,Success join prepare great mention matter particular near.,2025-10-26
301,308,36,Back rest personal show moment garden opportunity along there forward.,2025-10-23
302,53,40,Control training turn surface exactly.,2025-02-13
303,263,10,Coach serious drop cell data image statement night look lose.,2024-12-23
304,479,15,Energy foreign ten main task.,2025-09-08
305,18,37,Tree network appear instead hotel price claim.,2025-02-27
306,53,29,Off such somebody Republican piece professional thousand.,2025-03-20
307,142,19,Commercial later night arrive book certainly identify expect whatever.,2025-02-17
308,111,28,Consider foreign provide perform land hour stay check.,2025-10-02
309,111,44,Above yes quite cell despite meet across reach resource above.,2025-01-12
310,117,25,Quite staff knowledge step city.,2025-01-09
311,309,4,Professor purpose skill interest require next Republican practice offer.,2025-05-09
312,348,1,Student night small commercial.,2025-03-23
313,72,16,Author place him become later voice.,2025-06-12
314,433,45,Property team perform example often husband step.,2025-01-28
315,371,16,Require memory foreign great lose town after study enter.,2025-03-22
316,428,36,Your including name within approach kitchen.,2025-04-11
317,6,43,Such truth first low another skin build game require sister.,2025-06-24
318,170,12,Billion next serious once red those someone evidence line.,2025-10-12
319,407,38,Response gas cup mother bring may throughout available lead.,2025-09-25
320,403,14,Seek activity will evening behind here those participant.,2025-04-28
321,296,19,Probably stop ask yard those yeah get quality recent.,2025-07-24
322,477,6,Item stuff yourself card know cost edge firm.,2025-07-03
323,104,24,Idea white fish too worry.,2024-11-28
324,269,41,Local information drive drug forget plant day write every seek.,2024-12-26
325,459,17,Grow far more out.,2025-01-16
326,344,11,Guy establish who eat wrong growth.,2025-02-24
327,52,47,Age fight bill which great feel most anything painting.,2025-10-27
328,459,41,Own here light responsibility power quickly TV fall piece what sometimes.,2024-12-15
329,297,32,Foreign as training we production.,2025-03-23
330,76,25,Society someone yourself company book personal behind she.,2025-05-28
331,412,15,Our even maintain record need inside throw.,2024-12-29
332,483,33,Benefit model without law machine.,2025-07-26
333,18,14,Huge season across option none.,2025-02-13
334,254,17,Idea top land have culture.,2024-12-31
335,46,14,Wrong whom billion happy your.,2025-09-19
336,472,1,Message prepare reveal statement find sister cause paper management.,2024-12-30
337,210,17,Country coach level Mr today despite suddenly nothing author painting.,2025-11-03
338,465,3,Operation appear mission itself for doctor anything behind.,2025-04-04
339,352,36,Cold for story service after build theory help describe successful.,2025-07-11
340,395,38,Hard sea president whom work interest.,2025-08-28
341,85,41,Visit than allow recognize part two fight pass brother institution.,2025-09-28
342,254,40,Oil debate standard region town write sound why.,2025-01-06
343,165,7,Him approach on result expert leg push.,2025-03-22
344,342,3,Common PM alone nearly finish tree.,2025-08-25
345,5,3,Glass increase red particularly better its while.,2025-02-24
346,316,12,Guess glass simply wonder though night available magazine rich sing.,2025-10-21
347,58,14,Blood push answer specific year subject owner authority.,2024-11-23
348,378,9,Government area crime specific husband.,2025-09-20
349,325,30,Tough apply minute activity explain energy hundred her sort.,2025-09-17
350,162,29,Sister board size fish deal.,2025-10-14
351,420,39,Describe thus serve dog run source my election capital standard.,2024-12-04
352,37,28,Fine mother worry so we might hot top.,2025-02-07
353,235,19,Major particularly summer dinner form may into time night.,2025-05-26
354,6,16,Would quality interview record day require smile.,2025-10-06
355,32,31,Son traditional century mind billion deep avoid practice when.,2025-10-24
356,176,2,Base friend fire political time different practice three effect avoid.,2025-10-07
357,252,27,Drug unit particularly on west who born matter this course.,2025-03-29
358,400,11,Much about need surface worker.,2025-09-13
359,113,1,Wonder trouble beyond road person interest appear special lay.,2025-08-12
360,162,31,Oil decade return third from maybe buy travel report.,2025-05-15
361,238,41,See parent specific agreement current.,2025-02-23
362,286,49,Attention bill indicate them image high might.,2025-06-29
363,230,6,Toward yes term write policy maintain book fire decide.,2025-08-12
364,99,50,Eye wide turn condition direction father consumer old they sport.,2025-01-06
365,494,13,Cover society time simple likely wish agent.,2025-06-19
366,471,30,Lay memory always describe animal front organization certainly very career.,2025-07-13
367,53,31,Most hair film base ask picture trade past door.,2025-08-30
368,373,33,About moment weight instead whatever until it work bed material.,2025-07-13
369,493,3,Home still far money daughter brother design one.,2025-05-23
370,61,13,Behavior phone hand item his turn.,2025-04-05
371,194,14,Add capital rest wall collection value into likely themselves reflect.,2025-10-23
372,469,22,Term budget everybody stand down idea second way discussion carry inside.,2025-07-22
373,155,10,Them fish final hair heavy federal down alone.,2025-07-17
374,2,24,Recognize card recognize degree morning industry enjoy ball call seek.,2025-03-19
375,349,10,Test show my sister left foreign late nor theory character.,2025-02-07
376,293,48,Big you performance wind behavior.,2025-07-25
377,34,7,Scene guess industry early single particular decision young from probably air.,2024-11-20
378,133,29,Card rate another short thus window crime catch draw talk.,2025-04-27
379,431,19,Nor pattern home perform hit discover million address.,2025-04-03
380,442,21,Throw same live clear head usually type.,2025-05-19
381,429,6,Staff major carry consumer result generation peace.,2025-04-11
382,75,35,Tell quickly fish especially wait difficult rise fall once whether.,2025-01-06
383,124,41,Star public huge time southern.,2025-10-01
384,233,18,Commercial trouble hospital exactly trip common somebody dinner.,2025-08-13
385,426,38,Give environmental control weight sell.,2025-01-25
386,310,27,Yes try amount summer especially issue.,2025-01-29
387,150,8,Democratic scene clear condition television doctor realize follow team model own.,2025-02-03
388,318,15,Decision personal tax run seek cause.,2025-09-07
389,110,1,Hand weight dinner station thus morning.,2024-11-30
390,308,29,Upon hit least build stay series final later individual.,2024-11-20
391,482,9,Sometimes day teacher late enough must word if only kitchen.,2025-01-19
392,25,19,Control bag kitchen public attention program seem big my.,2025-08-28
393,226,22,Crime black bag rich finish rule mother.,2024-11-21
394,259,7,General theory space even TV eat under need probably rich.,2024-12-08
395,75,38,Yes language under three rather.,2025-09-09
396,261,26,Apply enough call ahead usually live have.,2025-07-21
397,133,42,Ever voice fly seek put everybody lawyer it.,2025-08-26
398,3,16,Organization wear become lay involve away present.,2025-02-02
399,174,16,Fish person add win until lot.,2025-11-14
400,172,32,Explain raise strong physical you chance and.,2025-01-15
401,10,9,Since item condition local ability challenge true court.,2025-10-01
402,271,9,Which live glass air institution economy it pick character rock.,2024-12-02
403,115,14,High focus need happy decade performance special recently.,2025-07-11
404,449,32,Operation people contain ever form change watch national.,2025-03-02
405,1,3,Morning machine tough case pull article simple magazine pretty other.,2025-09-25
406,178,41,Painting interest population performance such why almost.,2025-07-23
407,94,20,Piece above bag late information collection pass.,2025-10-19
408,245,45,Defense especially by your provide shake subject find.,2025-07-21
409,204,5,Program walk enough majority walk.,2025-03-16
410,83,10,Give my pattern child risk main.,2025-01-23
411,398,49,Series within act test song speech speak.,2025-06-29
412,377,27,Bag son effect focus key address dark trouble mouth trouble.,2025-10-22
413,437,9,He herself goal other agent table use some.,2025-08-22
414,206,28,Under me one design get it some defense international end enough.,2024-11-19
415,436,38,Friend per consumer the about amount fast budget institution ten.,2025-04-07
416,405,24,Professional surface none opportunity.,2025-03-30
417,5,2,Top seven major than individual art.,2025-01-29
418,364,39,Set attack difficult remember few particularly discuss often certain along.,2025-03-15
419,91,45,Interview establish carry ahead phone pattern above road.,2025-09-30
420,453,15,Order PM participant attack painting partner bar bring financial free.,2025-10-17
421,265,14,Unit seven certainly issue choose develop none Mrs they.,2025-10-31
422,203,35,Activity light dark professor sometimes yes agree sound event language.,2025-04-08
423,312,34,Together report a fish thus north information magazine reach.,2025-04-10
424,278,44,Accept must idea believe process business enjoy trial deal evidence only.,2025-10-07
425,149,36,Much rule others bar cover policy go.,2025-08-16
426,328,30,Agree city card project Democrat standard few.,2025-03-05
427,167,19,West task movement painting movie something magazine include really.,2025-02-04
428,114,45,Security page need bag reach sign doctor daughter.,2025-05-31
429,277,42,Move cup very perhaps heavy thus thus over.,2025-10-18
430,410,21,Perform through outside herself summer white friend.,2024-11-29
431,402,34,Can may bar beyond rock.,2025-10-28
432,323,9,Difficult remain everything I through another.,2025-01-17
433,389,49,Tree lay cover teacher against Republican line claim.,2025-04-11
434,141,7,Sea during truth research need today.,2025-05-17
435,244,7,Certainly surface hold clear field either seat join.,2025-09-29
436,498,21,Series ahead treatment painting wind kitchen front.,2025-03-17
437,58,29,Strategy year significant early item find.,2024-12-01
438,181,24,Former cup first southern receive left rule cause high.,2025-05-08
439,159,27,Coach person successful officer foreign.,2025-04-27
440,293,37,Turn bring everyone world night save best.,2024-12-20
441,288,32,Study among four material movement once yard drop.,2025-10-03
442,124,8,Account Republican later draw southern none defense forward team maintain throw.,2025-11-15
443,294,13,Catch method card social I such us base place memory.,2025-10-15
444,193,19,Fight exist late within expect perhaps.,2025-05-21
445,81,35,Tend among suggest nor read design read sense fire organization.,2025-07-06
446,316,19,Outside positive program character expert wait order center.,2025-08-28
447,342,26,Process design draw choice onto reach director director try.,2025-05-13
448,214,9,Walk part water plan audience.,2025-02-24
449,101,48,Whom attack glass war need.,2025-02-18
450,55,43,Draw sport assume production man state white series.,2025-03-17
451,359,15,Against nothing memory accept story management.,2025-10-12
452,353,23,True particularly rule probably left main.,2025-09-27
453,208,22,American authority hundred majority indicate.,2025-08-05
454,152,40,Anyone production anyone movie top pay.,2025-10-15
455,479,18,Mouth trouble election good produce go class.,2024-11-19
456,395,47,Role nor alone remember election center film.,2025-02-23
457,435,37,Pick put fact blue unit.,2025-09-30
458,42,45,Writer address my sign street letter media floor girl.,2025-04-08
459,476,45,Student but movement kitchen development.,2025-03-03
460,214,36,Of from food cut score fact moment control recognize.,2025-11-08
461,170,37,View film prevent stuff truth analysis radio affect.,2025-02-09
462,24,31,Over fish threat authority fall remember party member reduce picture.,2025-03-23
463,427,32,Four happen artist guy early instead these.,2025-06-22
464,420,50,Certainly everybody travel scene than together figure deal move.,2025-11-04
465,349,48,There return after month recent discuss relationship have production best.,2025-07-07
466,428,31,Family lead blood east name simply that land specific low we.,2025-11-09
467,153,2,Alone plan boy professional interview smile once difficult yeah three.,2025-02-25
468,302,35,Treat political already color like never first student.,2024-12-22
469,62,20,Matter per note check during time whole say.,2024-12-19
470,103,4,Lose budget chair sometimes message health sister raise beyond end.,2025-09-26
471,25,33,Back where just wonder effect rock against car offer.,2025-04-02
472,126,35,Knowledge performance peace indicate lawyer learn amount.,2025-07-08
473,147,47,Clear style good activity garden continue goal time partner nation.,2025-08-14
474,434,34,What whole best resource director dinner.,2025-04-04
475,80,10,Side company brother create lay trip poor process.,2025-04-01
476,225,28,Those card letter majority finish.,2025-02-20
477,136,20,Hot understand future drug think discussion out.,2025-10-30
478,129,35,Customer threat western still Mr choice bag report three work.,2025-05-10
479,457,15,School article citizen cup offer morning financial state fish.,2025-02-02
480,461,43,Agent page him from happen around modern take race travel.,2025-02-13
481,256,39,That within middle to charge off body ask director.,2025-08-01
482,20,42,Fly without act talk same work.,2025-09-22
483,407,32,Mr return area change result talk only.,2025-10-07
484,309,16,Consider cell environment live go range much have.,2025-09-27
485,381,50,Heart ever trade president environmental player.,2025-10-19
486,466,15,Born free source near director message expert ball feel our.,2025-01-08
487,263,28,Program serious author occur establish top watch environmental middle in.,2025-01-22
488,457,12,Ground card fine kid hard each trade phone.,2025-06-02
489,205,6,Someone bar Congress course inside you wait.,2025-05-10
490,380,19,House final list stay include civil less position nice heavy school.,2024-12-05
491,408,48,Enjoy student politics some show.,2025-10-26
492,284,38,Color modern early policy any very wonder about turn phone.,2025-09-22
493,74,17,Feeling middle community lot thousand billion.,2025-11-13
494,296,7,Move pass art trade east pull.,2025-10-19
495,16,31,Partner instead ready here that third.,2024-12-04
496,482,36,Blue song music wind reason method there.,2025-07-02
497,94,34,Impact wife everyone partner save tonight fly bed improve.,2025-05-16
498,196,31,Report glass tree strong radio actually less become yourself.,2025-02-12
499,170,16,View expert data somebody owner physical left home show property able.,2024-11-26
500,339,21,Accept work right in capital charge lawyer claim detail.,2025-06-19
501,390,47,Happy maybe notice improve any.,2025-05-03
502,473,14,Choose include understand discussion apply talk.,2025-08-03
503,46,24,Name southern rule trial company.,2025-04-17
504,100,29,Specific almost risk feeling one close management.,2025-10-10
505,246,50,Police others perform rich area.,2025-03-09
506,474,26,Drug will reason however mind alone small despite discuss.,2025-01-29
507,95,16,Treat former wall happy something.,2025-02-21
508,267,45,Kind type center fall these range.,2025-10-28
509,396,41,Law whatever black research right sport picture.,2025-06-19
510,170,41,Crime third wear imagine huge truth rock market early message left.,2025-02-05
511,15,31,Including outside eat while environmental send thing region.,2025-01-15
512,97,29,Tough relationship program identify although art suggest training no member.,2025-07-07
513,126,23,Major simple leave inside make personal agent manager read available.,2025-08-16
514,345,27,This wrong large skin would ready.,2025-01-21
515,340,34,Next piece whose score throw would.,2024-12-24
516,53,5,Since right popular or five audience local forward.,2025-03-22
517,406,22,Not citizen daughter modern film arrive everyone candidate seem strong.,2025-04-01
518,114,15,Year stock clearly figure officer better kid.,2025-10-22
519,103,11,Order vote young right a theory.,2025-03-11
520,403,11,Manage significant reason air.,2025-11-12
521,467,18,Grow poor air want home most four pick.,2024-12-06
522,186,49,Knowledge should meeting one draw year politics marriage anything.,2025-09-01
523,111,38,Begin economic wrong whom fact car feel about finally.,2025-04-26
524,395,27,Much subject program military role individual sure test.,2024-12-31
525,88,47,Quickly meet approach two trial.,2025-02-06
526,151,7,Front plan because general gun adult news environmental.,2025-04-16
527,416,5,Work speak option century.,2025-04-21
528,274,47,Financial dinner seem drop sing still detail they run.,2025-10-06
529,304,28,Read defense work central this.,2024-11-22
530,341,33,Bill friend whose see raise receive suffer research minute.,2025-09-26
531,16,29,Continue consumer crime treatment crime rule.,2025-02-01
532,120,30,North but two bring free.,2025-03-26
533,173,29,Compare second activity interesting ago.,2025-07-02
534,45,3,Attack mother goal economy future employee reduce yes their industry.,2025-02-09
535,250,43,Reality half time policy knowledge quality task.,2025-04-27
536,247,23,Help food read head born room teach.,2025-07-25
537,122,12,With more lay today tend wear include small read write.,2025-11-15
538,228,42,Year as about animal message major whether during third.,2025-07-01
539,93,9,Reason identify its safe age various detail your owner business hot.,2025-07-17
540,278,9,Thank middle later nearly.,2025-09-19
541,294,43,Color citizen team husband face season since walk necessary trouble.,2025-02-08
542,306,16,Evening law save record seat concern start who role.,2025-11-03
543,465,37,Available power meet across drop lead morning future feel.,2025-02-01
544,340,30,Property however reality expert mean think customer.,2024-12-13
545,433,10,Environment day explain whether assume.,2025-11-06
546,332,43,Process billion member career feeling report professional my notice.,2025-02-16
547,50,27,Already whatever foot society catch bed term.,2025-07-28
548,24,40,Finish fine him politics next behavior part true tonight prepare material.,2025-09-30
549,224,39,Activity task international road garden sure city stop fire.,2025-09-06
550,39,31,Indeed today card newspaper rule account similar food moment magazine.,2025-03-09
551,63,39,Design yet author information article account reflect use myself model.,2025-09-10
552,236,28,Put church scientist land sort senior particular.,2025-08-27
553,91,15,Cold place message dinner federal note.,2025-11-11
554,79,38,Thank wrong guess lose heavy real knowledge real.,2025-10-06
555,64,49,Collection year usually president never he ok media suffer.,2025-02-07
556,51,25,Bad good executive father college magazine upon like.,2025-01-08
557,107,45,Agent note produce include surface total reflect against article will.,2025-01-07
558,79,13,Who catch air total head.,2025-07-02
559,340,30,Get thing simply idea weight.,2025-07-08
560,267,21,At pass along official range white sound seat say book.,2025-11-11
561,25,5,Protect walk language operation nothing fact resource great.,2025-02-24
562,176,26,Both born wind able chair upon visit.,2025-07-19
563,212,5,Near range simple any allow.,2025-02-01
564,308,27,Agree home situation himself parent southern later.,2025-10-12
565,328,26,Party return conference worker such least direction by reveal economic.,2025-06-12
566,166,33,Necessary name wish newspaper manage father win human mouth wrong.,2025-06-01
567,474,24,Article coach toward system every sometimes.,2025-09-30
568,260,24,Season difficult store positive seem lot own scientist real generation.,2025-08-13
569,405,44,Rule eye allow situation easy defense.,2025-03-13
570,499,13,Indeed today approach late issue dog hair.,2025-01-10
571,461,13,Push follow know soon partner game movement become perform.,2025-04-25
572,366,42,Girl plant not of film.,2025-09-27
573,277,8,Our partner son green.,2025-06-28
574,439,44,According piece soldier practice matter source.,2025-02-12
575,374,35,Billion card so last buy billion just.,2025-08-15
576,143,47,Customer staff sign represent take Congress.,2024-12-16
577,254,35,Total sit table bad generation fund think clearly knowledge.,2025-10-25
578,124,36,Check job huge thank card.,2025-03-07
579,459,14,Example learn across old collection board within dinner certainly center.,2025-02-12
580,471,20,Fall resource staff today simply moment account majority side.,2025-05-17
581,472,19,During politics sing trade after question great trial himself.,2025-07-23
582,470,33,Red either dark example now.,2025-08-09
583,474,39,Card animal myself black because itself choose mother like.,2025-10-07
584,321,47,Close box themselves suggest because set fire guy social.,2025-08-26
585,361,40,Approach next necessary right necessary.,2025-07-05
586,75,1,Course reality speech week Congress when.,2025-06-02
587,254,23,I compare chance somebody seven.,2025-07-09
588,465,15,Play hard painting include deal receive catch probably establish.,2025-09-20
589,458,1,This design relationship chance mind various.,2025-03-24
590,127,21,Different amount player audience professional sense particularly raise.,2025-01-03
591,407,39,Measure series too significant population full color.,2024-12-08
592,336,48,Suffer up executive from need physical.,2025-01-01
593,497,21,Put summer at own simple or occur price.,2025-03-03
594,221,44,Listen consider own central turn speech plant have.,2025-07-28
595,404,12,Adult across person leader what four.,2025-07-23
596,130,27,Them apply north far four.,2025-07-22
597,365,21,Question bring body writer hear.,2025-07-13
598,224,32,Store whose may they today capital she.,2025-05-26
599,239,2,Station significant expert yes similar.,2025-01-10
600,314,40,Rest ready claim fight product.,2025-04-17
601,486,48,Section page above music speak discuss nor hit start.,2025-05-23
602,252,32,Physical son phone service.,2025-03-19
603,12,11,Save successful arm everyone push type dog wind.,2024-11-23
604,56,28,Phone western receive better possible agreement or name.,2025-05-16
605,351,26,Where such green toward attorney raise nor mention maintain.,2025-03-25
606,281,1,Describe fish throughout charge not grow hair show.,2024-12-03
607,496,35,Measure player carry raise great front.,2025-08-20
608,244,23,Character serve stop short shoulder phone type.,2025-08-13
609,283,49,Church cause size general use score figure edge fine.,2025-08-19
610,485,45,No suffer born dark option use without capital here guess.,2025-01-11
611,321,18,Keep me attention town suggest.,2025-10-22
612,59,6,Market century beautiful writer career worry easy tonight.,2024-11-22
613,48,8,No boy director material although itself drop ability either third.,2025-08-17
614,118,19,Other manage account man pick.,2025-09-22
615,216,40,Mind green cause value police him about involve network great.,2025-06-23
616,340,7,Offer knowledge other color film sea rich with interview name.,2025-10-31
617,367,2,Film trade president key painting instead something.,2025-06-07
618,298,14,Meeting left staff million clear.,2025-09-16
619,414,50,Second girl record air actually adult collection south week.,2025-01-18
620,164,5,Assume store never reality window bar by record.,2025-02-04
621,382,31,Air view talk summer become room attorney that information final.,2025-03-07
622,68,37,Play buy true she show development former space let happen must.,2025-08-27
623,442,50,Region respond walk win right spend.,2025-03-27
624,400,3,Walk establish field around spring sport information indicate majority election.,2025-04-16
625,114,24,Month positive accept bad nature audience someone.,2025-09-25
626,122,48,Including win trip give you from.,2025-04-12
627,192,35,Per see growth member true their accept cost way moment season.,2024-11-29
628,406,29,Lay partner capital several your then little rate.,2025-07-19
629,109,48,Knowledge become many will personal cold.,2025-01-24
630,369,3,Hair carry less deal grow fly environment.,2024-12-16
631,328,9,Card popular key its heavy final forget hold must.,2025-09-29
632,329,16,Attack door message capital anyone investment seek pick student cover.,2025-08-08
633,269,32,Provide direction officer paper mean human true goal before.,2025-09-19
634,87,31,Hear company question wear sport skin sea indicate enjoy.,2025-10-21
635,72,10,Not view though owner study real notice skill summer politics.,2024-12-06
636,87,31,Pull suffer next director authority cup produce around.,2025-10-31
637,192,46,Risk short last official how.,2024-12-16
638,173,35,Tv herself not pretty bed season who discuss local itself.,2024-12-16
639,70,12,Price dog son although task beyond money change half yourself.,2025-02-17
640,472,41,Involve almost program carry activity week fear these war keep there.,2025-07-05
641,302,46,Follow into civil interview likely truth always poor up site.,2024-12-16
642,472,15,Pattern job author general down.,2025-08-04
643,353,17,Throughout doctor social bad ever second.,2025-07-22
644,463,6,Trip student hear TV boy her cultural before program modern.,2025-02-16
645,229,42,Direction set Democrat population research.,2025-10-09
646,409,16,Religious scientist generation section lot tend.,2024-12-27
647,284,26,My news alone structure choose hope difficult unit word performance.,2025-02-26
648,477,8,Stock return on large scientist lay degree stop building.,2024-11-23
649,446,7,Office program time way area few save reveal real.,2024-12-13
650,27,10,Author we through unit with scientist suddenly.,2025-02-18
651,304,8,Open ago report way minute their lot generation represent little.,2025-02-16
652,327,32,Line husband friend success challenge get only.,2025-08-09
653,123,5,Business painting parent several other day town outside present animal.,2025-08-30
654,426,18,Agreement listen cause pressure step.,2025-03-11
655,472,27,Job despite church page these claim method hard summer whatever.,2025-06-07
656,188,2,Fight and most run learn our middle involve.,2025-01-09
657,221,27,Decide do despite his picture.,2025-06-14
658,24,34,Five compare fire talk six push.,2025-11-10
659,224,36,Operation year several child peace.,2025-09-13
660,454,10,Religious vote add quality weight behavior list car kitchen happy.,2025-11-17
661,85,40,Population why reason scientist message.,2025-06-25
662,433,15,Foreign develop require expect have blue attention door.,2024-12-29
663,325,12,Month effort event recognize its example dream minute meeting result.,2025-04-30
664,209,18,Nothing wonder summer store natural car draw or.,2025-01-28
665,136,9,Teach during strong thank.,2025-06-25
666,73,27,Remember material prevent light rise either model.,2025-04-17
667,365,30,Bank high such news message themselves.,2025-09-26
668,225,39,Reality chance ever protect never quickly seek value occur.,2025-01-26
669,396,38,New apply church rather question face media decide free central.,2025-07-08
670,162,29,Raise control left least by great put hotel design threat.,2025-01-28
671,160,47,Risk animal benefit stage opportunity commercial be she friend.,2025-11-12
672,215,28,Together realize however exactly develop.,2025-01-23
673,251,8,Its opportunity return blood woman paper down never.,2025-07-11
674,377,26,Support say short range.,2025-01-13
675,485,46,The cover quality sea happen often since arm else we.,2025-06-23
676,159,15,Exactly month bank science around huge a challenge.,2025-07-15
677,141,39,Learn opportunity get three score positive party baby.,2025-03-31
678,292,49,Still population significant those activity share statement traditional.,2025-10-08
679,385,37,Early financial rich this decade senior state walk.,2025-06-23
680,6,37,Authority sense themselves trip fund his like.,2024-11-23
681,430,2,Rest position Mr interest dark day contain must whatever fall.,2025-02-07
682,388,46,Human particularly amount man certainly usually perform read recent happy.,2025-11-12
683,406,15,Only small himself hold body.,2025-03-23
684,62,8,Perhaps great social table often half.,2025-04-27
685,405,46,Choose term argue officer father game allow movie participant accept.,2025-03-02
686,84,28,Give dark century police total concern budget.,2025-06-11
687,228,23,Example stage feel feel hot force.,2025-05-23
688,466,29,Hot say value top can bed keep.,2025-07-02
689,450,19,Catch film smile minute direction exist.,2025-06-09
690,465,4,Official consumer difficult somebody section.,2025-02-07
691,310,30,His stop great administration.,2025-01-15
692,405,4,Newspaper boy every staff organization difficult guy market.,2025-11-17
693,224,23,He he stop thank chair kid specific thank raise movement.,2025-03-27
694,187,49,Or apply home stand raise.,2025-09-10
695,270,45,Citizen loss thing answer leave left weight.,2025-04-03
696,489,9,Avoid bag particularly today large else child then.,2025-05-29
697,198,2,Test hot beautiful local two myself than relationship skill international.,2024-12-23
698,221,41,Party husband them author court add me.,2025-06-13
699,402,1,Significant according take address design after whether outside newspaper.,2025-10-26
700,395,8,Many industry rise office.,2025-10-14
701,275,9,Little hit major follow major.,2025-03-27
702,208,10,Throughout identify now ask whether.,2025-02-27
703,427,10,Ok minute into energy foot last strong knowledge.,2025-05-16
704,417,11,Mother account recognize view thus fine natural.,2025-05-20
705,467,3,Right north resource size threat artist today cup impact.,2025-05-24
706,75,31,Attention day prepare human.,2024-11-26
707,150,45,Hope special role skin may sell.,2025-07-06
708,479,31,Always him force whole more ask apply support position.,2024-12-26
709,391,45,Fine Mr common building window seek imagine structure far.,2025-08-25
710,375,15,Consider wind specific experience lose support look during wish series.,2025-07-13
711,207,17,Strategy white its his least machine career across approach.,2025-03-15
712,442,38,At first significant better show change skin.,2025-03-14
713,378,42,Understand newspaper light evidence production both better least management sister.,2025-05-08
714,211,22,Travel begin lawyer marriage enough hot these.,2025-10-29
715,471,40,Huge above senior industry between series never behind easy enjoy.,2025-05-28
716,486,3,Mother not identify popular relationship policy knowledge may indeed.,2025-07-14
717,27,26,Less crime never finish pull.,2025-06-25
718,312,26,Clear born final try church hit everybody nature.,2025-03-03
719,459,4,Investment rock production teacher easy base range base board either.,2025-10-07
720,183,8,Brother arm personal investment husband oil center.,2025-07-10
721,52,12,Project majority nor individual rather father hair during protect especially.,2025-01-25
722,254,12,Material as coach majority plant.,2025-03-06
723,373,14,Wide hand generation three energy.,2025-10-28
724,446,9,Magazine poor maintain along back.,2025-08-29
725,138,24,Color any full garden out whether.,2025-10-25
726,487,13,History debate bed community black probably fight.,2024-12-02
727,28,25,Myself score fish direction project economic house budget child visit among.,2025-10-08
728,3,14,Drive probably huge weight with any while card.,2025-07-10
729,438,34,Current far each free wrong.,2025-03-03
730,340,3,All end oil rich.,2025-09-26
731,424,8,During pass suddenly resource west doctor analysis factor.,2025-05-08
732,74,11,Tend hear near other involve term evening property resource sign.,2025-08-07
733,195,46,Simple maintain decision ahead wide determine which water detail always after.,2025-05-01
734,43,7,Only party include box statement by bit.,2024-12-17
735,416,46,Question for road by happen national allow approach idea work.,2025-01-04
736,264,4,Brother which indicate mouth certainly.,2025-07-02
737,1,16,Imagine woman section pick figure important officer wrong seem.,2024-11-27
738,149,21,Hospital door during free save foot nearly.,2025-03-02
739,367,35,Spring expect serve group everything crime threat look or.,2025-03-03
740,251,20,Condition alone entire remember dream child account town.,2025-06-08
741,289,47,Level system keep market news in year tree.,2025-01-07
742,402,8,Than quickly finish respond total perform.,2025-10-22
743,204,15,Across religious rather back these little child around option learn.,2025-02-14
744,468,20,Want sound continue suffer series coach message become direction.,2025-09-12
745,400,28,Decision finish his relate activity today.,2025-01-21
746,334,4,Culture year rule agent network end.,2024-11-23
747,122,9,Issue tell interesting attorney need day similar situation discuss matter.,2024-12-05
748,122,20,Manage democratic resource list house Congress could.,2025-10-16
749,303,31,Attention how allow home authority improve leave support.,2025-07-19
750,7,1,Blood wind skill against wife without professor fire.,2024-11-20
751,215,42,Effect away drop international impact wait manager chance east.,2025-03-29
752,281,49,Peace side receive involve spring investment necessary health.,2025-07-20
753,43,36,Tell little at wall do account main time tough.,2025-07-27
754,483,14,International human work work control near final film available add.,2025-02-15
755,370,39,Dinner popular Congress on environmental drug.,2025-05-23
756,379,28,Age doctor particularly suffer spend million.,2025-10-18
757,16,9,Town church hair get represent common boy American write everything.,2025-04-18
758,311,5,Media kitchen ready possible eat soon station behavior black choose.,2025-07-07
759,116,26,Because result effort on enjoy development American admit.,2025-11-03
760,69,7,Power participant painting push response middle.,2025-02-15
761,240,23,Campaign measure difference bed process final around Mr.,2025-11-01
762,300,2,Relate analysis admit lot fund mother song half buy.,2025-06-24
763,387,49,Professor statement tough factor us.,2025-04-03
764,487,2,Pass impact citizen include court.,2025-02-17
765,254,26,Girl there culture reflect guess various song.,2025-10-10
766,469,14,Throughout land old medical tend everything officer.,2025-05-28
767,489,39,Source near hospital billion itself apply.,2025-05-29
768,264,43,Wide final heavy room ready age science tend kind fish.,2025-11-02
769,408,33,Science continue oil among friend impact outside.,2025-07-19
770,2,29,Teacher small activity thought bill never.,2025-07-23
771,453,10,Now several loss sell goal score win watch cultural.,2025-01-09
772,259,41,Have with consumer hundred past offer like.,2025-10-01
773,208,12,Citizen about summer study onto east usually.,2025-01-07
774,399,20,Need hot because pressure out important across entire what.,2025-04-20
775,402,26,Class model like drive call often heart although mind star any.,2025-06-18
776,329,26,How from few science free agency security star.,2025-06-16
777,8,23,Nothing education page task job may old place.,2025-10-31
778,59,1,Significant light run star couple.,2025-02-23
779,223,16,Eat little upon sing produce once professional will with such rather.,2025-11-09
780,281,48,Although force per memory.,2025-08-22
781,200,40,Anything let card much yeah onto kid.,2025-04-21
782,250,25,War why group increase give wrong.,2025-01-08
783,37,5,Five into study since your.,2024-12-15
784,120,17,Full citizen physical wear hear wife most government.,2025-02-03
785,289,30,Low long list all teacher learn other.,2025-06-18
786,384,50,Five prepare garden debate.,2024-11-25
787,166,37,Fall economy particularly middle leader use consumer design claim tax.,2025-10-29
788,200,37,Natural method admit popular college catch budget which memory factor recognize.,2025-02-25
789,22,16,Air raise involve life prove six.,2025-03-12
790,329,13,Guess player sometimes set present suddenly machine read relate great.,2025-02-08
791,490,32,Will people indeed foreign face wide she west air just.,2025-07-11
792,245,9,Morning enjoy morning figure interesting whole.,2025-06-29
793,174,14,On suggest this act friend easy increase southern.,2024-12-16
794,273,26,Now special nature analysis compare.,2025-06-05
795,373,15,Energy book head third no seek must human likely.,2025-05-27
796,438,42,Month own imagine through often American knowledge matter team environment.,2025-08-11
797,24,33,Call red art development scientist do customer issue response.,2025-04-11
798,447,23,Investment recognize government prepare stop after adult.,2025-05-27
799,282,8,Particularly around phone sense white travel business.,2024-11-30
800,232,34,Budget second in student right economic end reflect beat.,2025-09-13
801,149,44,Wait sister glass practice ago arm present cut.,2025-11-04
802,332,8,Situation attack my remember usually finish.,2025-06-10
803,210,8,Five last sing both price western without peace condition technology.,2025-10-24
804,140,43,Either because owner own national fly important culture.,2025-02-14
805,421,5,President improve follow history present marriage.,2025-05-07
806,212,29,Family technology visit shake run.,2025-10-13
807,147,16,Democrat present wear believe first argue idea experience address machine.,2025-06-09
808,195,4,Notice trouble reality week add agent wrong.,2025-08-26
809,387,40,Push air nature already after back listen than.,2024-11-23
810,102,4,Wrong building rise notice whatever recent again consumer reflect.,2024-12-26
811,292,43,Offer increase minute recently system away care.,2025-08-26
812,480,6,Environmental commercial always evidence business who letter will among show.,2025-06-09
813,67,41,Hair stuff husband protect fight.,2025-10-06
814,359,40,Candidate party produce answer senior her stage.,2025-04-14
815,61,15,Magazine prepare point write painting significant.,2024-12-11
816,310,5,Example certainly entire body economic unit.,2025-06-17
817,97,29,Simply citizen none or watch center add central go local.,2025-05-04
818,380,27,Science shake plant investment wear mother.,2025-03-31
819,349,7,Trade interesting raise want third hold employee.,2025-05-07
820,171,4,State half fly matter face interesting into leave church notice.,2025-02-02
821,469,20,Sound camera us career wait paper.,2025-09-02
822,250,37,Project once weight how goal.,2025-07-30
823,86,22,Some partner least religious kitchen data throw performance option.,2025-02-05
824,199,46,Hot hour book bag college feeling military attack hand five.,2025-03-17
825,458,19,Force follow campaign early.,2025-11-12
826,68,9,Kind bank beautiful individual pull among against focus smile question.,2025-09-26
827,85,7,Forward into sense young culture for try would.,2025-06-10
828,432,10,Common than trial month contain travel billion need yes.,2025-10-04
829,258,19,Outside little teacher computer community ready event side.,2024-12-04
830,398,40,Until better court yet any money artist could start.,2025-08-18
831,18,23,Small toward consider newspaper join however kid whatever stop.,2025-06-06
832,437,38,High store possible peace remember partner trip car marriage tell.,2025-11-01
833,29,25,Simple federal your which system town.,2025-07-03
834,302,26,Itself often base benefit bit head less research mission whose.,2024-11-29
835,372,31,Growth set talk simple note box camera they billion.,2024-12-10
836,250,39,Story improve behavior magazine no agent.,2025-08-02
837,376,27,Consumer international image size.,2025-07-05
838,63,16,Property education so either win a smile bag pull success firm.,2025-07-14
839,140,22,Summer trade poor after hundred yeah election impact add hard.,2025-04-23
840,150,45,Why season every where total.,2025-04-06
841,64,50,Report claim leave sound instead now role teacher reason father.,2025-02-17
842,60,10,Maintain event buy else beautiful item future state another.,2025-05-29
843,248,50,Myself seat poor care produce coach her.,2025-10-30
844,164,50,National personal cost large senior might develop alone nature society.,2024-12-05
845,168,2,Mrs paper herself hair political guy.,2025-08-26
846,312,4,Bill image off remain either technology at start.,2025-10-07
847,12,43,Just hear large yeah role.,2025-11-18
848,303,13,Sure beat not develop born you process short stand sound.,2025-10-27
849,303,25,Couple now somebody sport across tonight partner after wind.,2025-02-03
850,293,26,Could teacher perform former include investment.,2025-10-08
851,436,40,Least recently quickly audience middle watch.,2025-05-05
852,485,21,Quality consumer federal face ability card defense material area.,2025-08-06
853,465,30,Anyone arrive stay south husband event nearly necessary American away.,2025-05-20
854,257,30,Voice account position future south.,2025-07-08
855,401,24,Three stuff line peace future parent person.,2025-01-08
856,127,34,Quality party maintain society entire tree because heavy easy actually.,2025-02-20
857,370,35,Public college I news happen by his fill.,2025-02-12
858,398,45,Commercial station school him call act lot.,2025-03-20
859,399,16,Around seven attorney like will bank community result herself.,2025-10-07
860,209,7,Rule sure add another away trouble such.,2025-01-31
861,16,43,Management central military step standard cover clearly environmental everyone material affect.,2025-07-27
862,141,42,Foot collection area personal make church so base.,2025-03-02
863,284,41,Different will once head stage.,2025-11-11
864,259,29,Foot top their system particular next remember can.,2025-08-22
865,302,12,Put tend office positive finish environmental determine.,2024-12-04
866,256,44,Campaign summer product stand light.,2025-03-28
867,369,8,Very moment phone certainly assume.,2025-06-15
868,415,43,Plan born fill dog challenge point use your weight clearly.,2025-06-06
869,58,43,Notice meeting under between test year time science phone.,2025-10-22
870,404,41,Trade team picture some school near never.,2025-06-12
871,103,38,Imagine fact father audience have travel paper suffer agent group.,2025-07-01
872,442,25,Prevent discover let act forward second floor cover.,2025-10-31
873,320,39,Contain structure technology customer water how join century condition shoulder chance.,2025-09-11
874,302,43,Director senior sure top natural administration right.,2025-08-23
875,495,40,Decision investment case mind believe hot century.,2025-02-23
876,435,21,Action practice order pass student would we.,2025-10-16
877,471,31,Commercial leader but little control government key believe.,2025-06-24
878,469,15,Long Democrat guess choose.,2025-09-11
879,143,3,Floor training claim how question spring.,2025-06-19
880,41,43,Car star still table develop under glass note paper music.,2025-09-07
881,186,3,Hot life discuss decision.,2025-05-09
882,422,5,Office training staff style really unit strategy open skill.,2025-02-15
883,238,9,Traditional recent why father herself leader particularly own painting.,2025-04-09
884,323,31,Professional between big why employee.,2024-12-29
885,416,6,Note management address country organization measure way how page.,2025-04-25
886,29,13,Use answer Democrat exist security natural sing light car.,2025-05-10
887,478,7,Project kid blue plant measure.,2025-10-11
888,81,21,Prove current alone use pull seven.,2025-07-23
889,155,49,Theory enjoy discussion factor industry up almost expert north home former.,2024-11-29
890,390,24,For nation in section management onto world sea federal.,2025-06-09
891,364,50,Team national former law goal in consumer task walk.,2025-09-07
892,276,26,Family now kitchen people animal firm.,2025-09-04
893,148,27,Let common prove machine real.,2025-10-19
894,390,43,Then all several role style.,2025-01-24
895,355,6,Eat benefit event contain religious.,2025-10-16
896,98,11,Bad watch effect baby scientist who seat.,2024-12-12
897,239,48,Past statement treat everyone nature exist.,2025-06-03
898,349,31,Beat executive morning discuss wrong record see case keep never.,2025-03-01
899,207,30,Peace benefit responsibility professional only.,2024-11-28
900,418,41,Down however maintain pressure ground.,2025-04-13
901,304,5,Someone participant various Mrs hand herself.,2025-07-22
902,106,14,Short political baby measure house recently down fast hospital.,2025-07-18
903,29,9,Better follow consumer plant system moment consider.,2025-05-04
904,318,21,Ten sell candidate computer organization degree start vote hour light.,2025-10-20
905,90,46,Range yard room stuff technology various third ten me since.,2025-03-27
906,153,48,Plan nor picture box this discussion full next.,2025-05-03
907,72,25,Wall simply level impact finish report beautiful.,2024-12-06
908,250,9,Professor name challenge call.,2025-01-29
909,323,21,Suggest mention mother size fall stop.,2025-09-27
910,420,10,Sell right process again message create indicate now sometimes.,2024-11-24
911,25,26,Several skill write it hit while public sing off.,2024-12-19
912,204,15,Voice Mr board term surface create.,2024-12-07
913,94,7,Present result chair bed try toward college.,2025-01-29
914,2,13,Prevent dog someone under drop election accept support.,2025-02-11
915,328,35,Race other black miss forget mother wind.,2024-12-25
916,236,50,Information test success create daughter under move foot product point.,2025-08-22
917,60,22,Policy contain back brother here rule.,2025-01-30
918,499,38,Spend fine method teach wonder fill available another guess.,2025-04-20
919,490,44,Bit thing picture magazine black and son detail hope.,2024-12-04
920,4,12,Provide kid bill enter get blue speak what cover produce.,2025-08-03
921,69,12,Book arm little find analysis accept life.,2025-06-28
922,25,29,Despite forget everyone perhaps bring reveal window agreement worker edge.,2025-05-03
923,387,1,Despite police message author hear happy argue yard ready.,2025-08-22
924,175,50,Successful staff member bag two TV point baby wear.,2025-02-04
925,370,42,Eye phone building line move talk federal across offer water.,2025-04-14
926,397,29,Necessary far option admit policy often rest.,2025-01-31
927,74,34,Provide together past food look popular pick.,2025-05-31
928,78,13,Five main perhaps husband.,2025-08-25
929,319,16,Until party political wish decision response our.,2025-06-20
930,305,44,Interesting current dog strategy claim include.,2025-07-28
931,454,12,Factor chair risk finish look majority they yet two.,2025-11-14
932,197,50,Picture believe those president.,2024-12-25
933,221,3,Yourself interesting present listen get think its.,2025-04-23
934,321,47,Become around than last American.,2025-09-28
935,191,29,Hope to Democrat close behavior father.,2025-02-23
936,68,26,Return blue Republican late address cause few smile case.,2025-08-29
937,361,41,City treat tonight job international.,2025-01-11
938,32,26,His talk inside certainly able door same behavior.,2025-05-20
939,241,29,Painting service although director process seven site economy realize.,2025-07-14
940,325,38,About book point speech music capital skill free manage.,2025-05-18
941,275,40,Either material arrive reveal recognize focus carry test.,2025-08-09
942,30,48,First Republican fly unit receive even evidence.,2025-10-04
943,139,41,Change accept question successful age lawyer.,2025-11-11
944,165,14,Ground design reveal special back technology candidate action alone.,2025-04-15
945,317,14,Religious short change marriage the trip.,2025-05-28
946,157,30,Own reach discuss white than party have available.,2025-02-24
947,98,8,Save cover trial analysis maybe third.,2025-08-18
948,253,36,None vote high become service usually.,2025-06-26
949,176,16,Yes throughout financial form worker traditional order picture.,2025-06-16
950,308,18,Green them maybe drive south debate surface yeah size particularly.,2025-04-22
951,9,18,Prepare billion marriage people cost various outside scene focus skin.,2025-06-01
952,376,48,President meeting stuff wide will my.,2025-04-15
953,296,35,Information anyone together might hotel since.,2025-06-11
954,175,24,Value along education candidate herself.,2025-03-12
955,63,14,Hit answer tell history born election item sport commercial.,2025-07-24
956,313,23,Into population possible service of second a.,2025-04-08
957,101,50,Guess without behind be phone with else such order never.,2025-10-03
958,466,23,Message message might every toward break few born must discover.,2025-07-15
959,421,11,Five single economic station cost television education reflect out hand.,2025-07-09
960,416,3,News involve maintain front outside cut tend discuss cover traditional.,2025-06-11
961,388,2,Clear national he above feel whether.,2025-10-06
962,440,7,Green under want clearly defense large yourself note smile phone.,2025-08-06
963,436,5,State food experience act develop hand alone example.,2025-05-05
964,342,8,Night work nature explain dark administration everyone section guess.,2025-10-20
965,470,48,Attorney six deep throw nor eight concern however enough.,2025-08-25
966,375,44,We eight dog my husband event table candidate information.,2024-11-29
967,8,12,Summer history fear represent attorney road score capital lot not.,2025-07-03
968,86,42,Live ability set religious yard price paper hot.,2025-01-11
969,452,50,Less order somebody son assume.,2025-09-01
970,239,4,Hundred lot between during simply order write for at laugh.,2025-09-15
971,127,42,Return ground candidate necessary analysis modern.,2025-01-23
972,401,29,American any detail magazine door decision act stuff energy moment.,2025-08-13
973,451,1,Affect recent tonight win officer cell check group.,2025-06-15
974,136,8,Network girl performance know dog wife upon.,2024-12-05
975,234,21,Instead American write project wonder girl dog sell treat another.,2025-04-21
976,276,7,Ago different surface story employee environment order.,2025-09-05
977,131,23,Case beyond factor begin.,2025-10-06
978,320,24,Of hit if leg oil particularly step want about.,2025-05-12
979,406,8,Yeah media point wide loss use some well officer.,2025-06-11
980,312,40,Stage into responsibility pick hour artist adult election deep first.,2025-02-25
981,44,46,Hear into environment free why force not face form.,2025-07-07
982,347,47,Certain offer character network east.,2025-05-12
983,267,47,Always standard light trial few away bit such at agreement.,2025-10-12
984,111,48,Almost draw best huge return.,2025-05-21
985,110,43,Cause party American true particularly else moment resource house.,2025-06-26
986,215,16,Seem evening rest keep assume imagine third material knowledge trip.,2025-03-12
987,198,45,I news meeting sound pass lot.,2025-01-25
988,25,43,Plant whom tend painting would by cultural value number wonder moment.,2025-04-24
989,131,8,Wait Democrat voice thus everything husband law state production.,2025-03-10
990,108,9,Per hear because piece deal detail physical your.,2025-01-24
991,480,33,Financial defense sing there bill every movie often hear enjoy.,2025-05-04
992,390,49,Bag subject although total as hit despite.,2025-11-19
993,404,20,Member realize practice you many travel best.,2025-08-10
994,254,19,Left remember bar sometimes store.,2025-01-23
995,173,35,Property medical head success.,2025-04-13
996,469,11,Individual reason catch stuff election break pull away.,2024-12-27
997,320,37,Yeah around so knowledge especially challenge answer.,2025-05-29
998,452,24,Themselves production worry what control candidate respond.,2025-10-14
999,224,49,Call class far edge.,2025-07-10
1000,192,26,Color total discover drive film according involve law maintain itself.,2025-05-24
