user_id,username,country,signup_date
1,wallacelaura,Uzbekistan,2024-05-16
2,lcoleman,British Indian Ocean Territory (Chagos Archipelago),2025-07-22
3,kelli17,Congo,2024-09-13
4,marymathis,China,2025-08-23
5,john09,Azerbaijan,2024-09-05
6,smithdaniel,Cayman Islands,2024-06-16
7,rodney18,French Southern Territories,2024-11-19
8,panderson,Bulgaria,2024-12-20
9,thomassharon,Palestinian Territory,2024-10-04
10,wparker,Saudi Arabia,2024-02-19
11,eholmes,Ethiopia,2024-06-30
12,amanda53,Estonia,2024-09-14
13,nobrien,Saint Martin,2025-01-16
14,iwoods,Suriname,2024-09-19
15,james76,Cyprus,2025-04-17
16,speterson,Cuba,2024-07-27
17,miamclaughlin,Bangladesh,2025-08-16
18,wgallagher,Mozambique,2024-08-16
19,pamela90,United Kingdom,2023-12-07
20,boydmichael,Ireland,2025-02-03
21,kenneth98,Turkmenistan,2024-01-28
22,tammie45,Andorra,2023-12-24
23,breannabrown,Kiribati,2024-09-22
24,smithmiranda,Azerbaijan,2025-09-08
25,gabrielleandersen,Slovenia,2025-08-01
26,cherylpearson,Armenia,2024-11-24
27,vduffy,Peru,2025-06-05
28,jacob55,Croatia,2025-11-18
29,kevin65,Kuwait,2025-07-14
30,rachel47,United Kingdom,2024-10-31
31,nmartinez,Israel,2024-01-27
32,anthonyphillips,Malta,2025-01-19
33,denisecurtis,Eritrea,2024-02-10
34,michaeldrake,India,2025-10-26
35,susanwong,Liberia,2025-03-03
36,croberts,Falkland Islands (Malvinas),2025-02-27
37,hoffmanjessica,Slovenia,2025-05-30
38,lallen,Paraguay,2024-04-30
39,amack,Kenya,2025-05-20
40,dmiller,Hungary,2025-06-03
41,jeffreyharris,Norway,2024-08-15
42,ellenwatson,Tanzania,2024-03-09
43,manningchristina,Togo,2025-04-23
44,smoore,Korea,2024-01-03
45,joshua82,Albania,2025-02-02
46,jaime60,Uzbekistan,2025-09-04
47,zjenkins,Montserrat,2024-08-19
48,qlowe,Switzerland,2024-01-06
49,brandyberry,Mauritius,2024-12-16
50,philip65,Bolivia,2024-08-12
